Date Run,Status,Time,# of Errors,# of Warnings,# of Exceptions,Log File,Return Value,Error Message,# of Successes
2024-10-18 16:18:00.070 +0530,"Success",0:00:03,0,0,0,"20241018_161800.070/LogFile.txt","","",1
2024-10-18 16:18:15.712 +0530,"Aborted",0:00:02,1,0,0,"20241018_161815.712/LogFile.txt","","",0
2024-10-18 16:18:19.448 +0530,"Success",0:00:03,0,0,0,"20241018_161819.448/LogFile.txt","","",1
2024-10-18 16:18:43.744 +0530,"Success",0:00:03,0,0,0,"20241018_161843.744/LogFile.txt","","",1
2024-10-18 16:19:49.900 +0530,"Success",0:00:04,0,0,0,"20241018_161949.900/LogFile.txt","","",1
2024-10-18 16:20:39.418 +0530,"Success",0:00:06,0,0,0,"20241018_162039.418/LogFile.txt","","",1
2024-10-18 16:20:58.178 +0530,"Success",0:00:06,0,0,0,"20241018_162058.178/LogFile.txt","","",1
2024-10-18 16:29:48.610 +0530,"Success",0:00:09,0,0,0,"20241018_162948.610/LogFile.txt","","",1
2024-10-18 16:30:15.073 +0530,"Success",0:00:09,0,0,0,"20241018_163015.073/LogFile.txt","","",1
2024-10-18 16:52:12.511 +0530,"Success",0:00:09,0,0,0,"20241018_165212.511/LogFile.txt","","",1
2024-10-18 16:53:23.620 +0530,"Success",0:00:09,0,0,0,"20241018_165323.620/LogFile.txt","","",1
2024-10-18 16:53:43.496 +0530,"Success",0:00:09,0,0,0,"20241018_165343.496/LogFile.txt","","",1
2024-10-18 16:59:29.635 +0530,"Success",0:00:10,0,0,0,"20241018_165929.635/LogFile.txt","","",1
2024-10-21 10:48:19.082 +0530,"Success",0:00:15,0,0,0,"20241021_104819.082/LogFile.txt","","",1
2024-10-21 10:48:46.044 +0530,"Success",0:00:09,0,0,0,"20241021_104846.044/LogFile.txt","","",1
2025-02-25 15:23:51.009 +0530,"Failure",0:00:00,1,0,1,"20250225_152351.009/LogFile.txt","","No Remote Connection -- typetext Error - Remote Connection Unavailable",0
2025-02-25 15:27:06.610 +0530,"Failure",0:00:00,1,0,1,"20250225_152706.610/LogFile.txt","","No Remote Connection -- typetext Error - Remote Connection Unavailable",0
2025-02-26 15:54:39.926 +0530,"Failure",0:00:00,1,0,1,"20250226_155439.926/LogFile.txt","","No Remote Connection -- typetext Error - Remote Connection Unavailable",0
2025-02-26 15:54:59.267 +0530,"Failure",0:00:00,1,0,1,"20250226_155459.267/LogFile.txt","","No Remote Connection -- typetext Error - Remote Connection Unavailable",0
2025-02-26 15:55:44.991 +0530,"Aborted",0:00:16,1,0,1,"20250226_155544.991/LogFile.txt","","",0
2025-02-26 16:00:29.442 +0530,"Success",0:00:19,0,0,0,"20250226_160029.442/LogFile.txt","","",1
2025-02-26 16:01:34.228 +0530,"Aborted",0:00:09,1,0,0,"20250226_160134.228/LogFile.txt","","",0
2025-02-26 16:02:56.198 +0530,"Success",0:00:03,0,0,0,"20250226_160256.198/LogFile.txt","","",1
2025-02-26 16:02:59.830 +0530,"Success",0:00:03,0,0,0,"20250226_160259.830/LogFile.txt","","",1
2025-02-26 16:03:03.796 +0530,"Success",0:00:03,0,0,0,"20250226_160303.796/LogFile.txt","","",1
2025-02-26 16:03:07.809 +0530,"Success",0:00:03,0,0,0,"20250226_160307.809/LogFile.txt","","",1
2025-02-26 16:03:11.928 +0530,"Success",0:00:03,0,0,0,"20250226_160311.928/LogFile.txt","","",1
2025-02-26 16:03:15.960 +0530,"Success",0:00:03,0,0,0,"20250226_160315.960/LogFile.txt","","",1
2025-02-26 16:03:19.974 +0530,"Success",0:00:03,0,0,0,"20250226_160319.974/LogFile.txt","","",1
2025-02-26 16:03:23.909 +0530,"Success",0:00:03,0,0,0,"20250226_160323.909/LogFile.txt","","",1
2025-02-26 16:03:27.833 +0530,"Success",0:00:03,0,0,0,"20250226_160327.833/LogFile.txt","","",1
